Age,Gender,Platform,Daily_Usage_Hours,Study_Hours,Sleep_Hours,Academic_Performance
21,Male,Snapchat,6.0,3.97,7.02,65.7
20,Male,YouTube,2.92,4.59,7.56,70.7
22,Male,Reddit,0.5,5.29,8.15,80.6
21,Male,WhatsApp,1.2,5.51,8.4,80.5
18,Female,Instagram,6.62,2.65,6.56,61.0
24,Male,Snapchat,3.52,4.92,7.25,75.6
21,Female,YouTube,2.92,4.3,8.05,76.9
21,Male,Instagram,6.99,3.54,6.29,55.3
18,Female,Instagram,6.35,3.32,6.28,56.9
20,Male,WhatsApp,4.24,4.18,6.64,71.6
20,Female,Instagram,3.7,4.13,7.48,63.5
23,Female,Instagram,3.98,4.33,7.64,76.0
21,Male,Instagram,4.59,5.14,6.89,67.5
21,Female,YouTube,6.92,4.07,6.85,66.4
20,Male,YouTube,4.92,4.26,5.94,64.7
19,Male,YouTube,5.43,3.89,6.65,69.1
20,Female,Instagram,6.19,4.06,6.45,74.4
18,Female,Instagram,2.21,5.59,7.25,73.4
21,Male,WhatsApp,5.48,3.47,7.74,68.1
21,Male,YouTube,3.7,4.47,7.13,67.2
21,Female,WhatsApp,0.5,4.71,7.88,82.7
19,Female,Instagram,0.58,6.16,8.05,86.4
24,Other,Instagram,2.47,5.97,6.61,80.5
22,Female,Instagram,5.1,4.05,6.43,64.2
21,Female,YouTube,4.39,3.2,7.41,69.1
19,Male,YouTube,4.51,4.52,6.65,66.0
20,Female,Snapchat,7.52,2.72,5.72,59.4
17,Male,YouTube,2.04,4.75,8.22,77.7
19,Female,YouTube,4.15,4.66,7.64,69.0
21,Male,YouTube,4.72,4.28,7.11,74.5
21,Female,Instagram,2.95,4.52,7.17,74.3
24,Female,YouTube,4.25,3.99,6.9,75.0
19,Female,Instagram,1.48,5.34,7.42,84.7
20,Female,YouTube,6.6,3.29,5.91,57.7
20,Male,Instagram,3.04,4.18,6.88,72.3
19,Female,Snapchat,7.65,2.96,5.78,56.8
18,Male,Reddit,4.14,4.52,6.57,75.6
20,Male,Instagram,5.95,3.63,5.83,63.9
19,Male,WhatsApp,4.11,3.65,7.15,69.2
21,Male,WhatsApp,4.15,4.84,7.14,72.5
20,Male,Instagram,3.21,3.31,8.07,70.6
22,Female,Snapchat,4.4,4.04,6.67,72.7
21,Female,WhatsApp,4.74,3.83,7.01,67.8
19,Female,Reddit,2.87,4.87,7.54,75.4
22,Male,LinkedIn,3.99,4.69,6.97,70.9
21,Male,Instagram,3.16,5.26,7.65,75.9
20,Male,YouTube,8.11,2.61,6.28,50.7
19,Female,YouTube,4.05,4.68,7.21,70.6
21,Female,Instagram,6.83,3.51,6.17,65.4
18,Male,Instagram,3.87,3.59,6.96,68.0
19,Female,LinkedIn,4.64,5.13,6.29,73.9
17,Male,Instagram,1.95,4.4,7.29,68.8
21,Male,YouTube,3.44,4.81,6.96,75.9
21,Male,Snapchat,4.56,4.4,6.42,68.9
21,Male,Instagram,6.9,3.52,6.47,59.8
21,Female,YouTube,4.58,3.95,7.46,69.9
20,Female,LinkedIn,6.55,3.92,5.96,61.2
20,Male,YouTube,5.29,3.17,6.85,57.5
18,Female,Instagram,6.97,3.33,5.78,62.0
18,Female,Instagram,4.1,4.08,6.91,70.7
21,Female,Reddit,8.26,2.57,5.58,52.4
20,Female,Instagram,3.37,4.83,7.53,72.4
20,Male,YouTube,2.9,5.32,7.08,73.1
21,Female,Instagram,2.14,4.88,8.06,79.6
21,Male,YouTube,8.16,3.33,5.8,61.7
20,Female,Reddit,5.59,3.87,6.34,65.7
20,Male,YouTube,3.63,4.08,6.62,66.3
19,Female,LinkedIn,6.32,3.46,6.54,63.0
17,Male,Instagram,5.37,3.77,7.1,66.3
20,Male,YouTube,7.54,2.81,6.21,59.4
19,Female,Snapchat,1.57,5.47,8.77,85.3
20,Female,YouTube,3.75,4.61,7.79,65.1
22,Male,Instagram,3.41,3.81,7.11,72.3
19,Female,Snapchat,0.84,4.68,7.82,77.5
18,Female,YouTube,6.0,3.91,6.73,60.8
19,Male,YouTube,3.74,4.08,6.78,69.9
19,Female,LinkedIn,5.46,4.04,7.2,68.6
21,Male,Instagram,8.21,3.32,6.06,52.1
20,Female,Instagram,3.6,3.9,7.31,73.1
21,Male,Instagram,3.48,3.87,7.53,73.8
21,Male,YouTube,4.4,5.1,7.74,74.7
20,Female,Instagram,5.88,3.92,6.63,62.6
21,Female,WhatsApp,3.24,4.46,7.24,70.8
19,Female,Instagram,3.13,4.24,8.0,77.4
17,Female,WhatsApp,6.0,3.45,6.96,59.1
18,Female,Instagram,4.84,3.51,6.7,69.1
21,Female,YouTube,0.72,5.99,8.0,85.5
20,Female,Instagram,2.12,4.67,7.7,77.3
19,Male,WhatsApp,6.75,3.98,6.47,58.2
20,Male,YouTube,4.88,3.89,6.22,66.0
19,Male,YouTube,2.9,4.26,6.69,74.6
21,Female,Snapchat,3.91,4.22,6.71,66.5
20,Male,YouTube,4.22,3.01,6.58,66.6
20,Male,Instagram,5.45,3.83,6.38,65.6
19,Female,Reddit,1.89,5.05,7.96,78.0
21,Male,Instagram,2.77,5.24,7.35,80.4
19,Male,Instagram,4.66,3.22,6.98,59.0
18,Female,YouTube,4.03,4.97,6.52,73.9
18,Female,Instagram,5.17,4.4,6.54,73.2
24,Male,Instagram,2.11,5.69,7.87,86.1
22,Male,WhatsApp,4.81,4.09,7.12,70.0
21,Male,Instagram,6.06,4.19,6.18,64.2
19,Female,Snapchat,5.03,3.3,6.87,63.1
24,Female,Reddit,4.44,4.6,7.95,72.0
21,Male,WhatsApp,4.04,4.0,7.06,71.7
21,Female,WhatsApp,2.78,4.0,7.11,70.3
20,Male,WhatsApp,4.08,3.81,6.98,71.4
19,Male,LinkedIn,6.34,3.58,6.47,69.0
18,Other,Instagram,4.0,3.99,7.01,69.8
22,Male,Instagram,2.69,5.05,7.43,73.4
20,Male,YouTube,3.36,3.72,6.61,65.6
19,Male,YouTube,4.54,3.15,6.5,67.1
19,Female,Instagram,3.57,5.24,7.13,75.7
20,Female,WhatsApp,5.03,4.49,6.72,71.9
19,Other,Instagram,5.09,3.49,6.52,63.4
22,Male,Reddit,5.71,3.8,6.52,67.4
21,Male,Instagram,6.62,3.99,6.37,63.0
21,Female,Instagram,5.89,3.95,6.95,63.5
20,Male,Instagram,2.61,4.96,7.42,76.0
20,Female,Instagram,2.66,5.42,7.63,75.6
20,Female,Instagram,4.07,4.01,6.82,75.6
21,Male,Instagram,3.43,4.61,7.5,74.0
18,Female,Instagram,2.26,5.0,7.73,80.5
20,Male,Instagram,3.45,4.46,7.62,72.3
17,Male,YouTube,3.39,4.42,7.57,70.6
20,Female,YouTube,3.06,4.77,7.61,75.2
19,Female,Instagram,3.66,4.54,7.13,76.3
18,Female,Instagram,6.2,3.1,6.57,59.7
18,Female,Instagram,4.54,4.61,7.41,69.2
20,Other,Instagram,8.4,2.37,5.55,52.7
19,Other,Instagram,4.49,4.12,6.66,70.4
23,Female,WhatsApp,3.71,4.35,7.24,77.3
20,Male,LinkedIn,4.21,4.51,7.21,72.9
19,Female,Reddit,4.64,3.12,6.53,66.5
20,Female,YouTube,4.94,4.52,6.78,71.8
17,Male,YouTube,7.73,2.76,5.99,52.4
23,Male,Instagram,2.76,5.44,6.43,74.3
20,Male,WhatsApp,5.66,3.58,6.52,60.9
21,Male,WhatsApp,4.55,4.18,6.85,65.3
18,Female,Snapchat,1.53,6.22,7.7,87.1
20,Male,Snapchat,5.51,3.73,7.29,67.2
20,Female,YouTube,6.35,4.2,5.87,64.2
23,Female,WhatsApp,2.74,4.86,7.06,68.2
20,Female,Snapchat,4.18,4.54,5.85,76.0
20,Male,Instagram,1.27,5.39,7.63,79.4
19,Male,Reddit,2.06,5.5,7.45,86.7
19,Female,Instagram,5.98,3.36,6.3,57.9
20,Female,LinkedIn,3.41,4.12,7.74,70.4
20,Female,WhatsApp,2.32,4.67,7.94,71.0
17,Female,Instagram,4.59,4.24,6.95,70.7
21,Male,WhatsApp,3.31,4.53,7.11,70.3
22,Female,Instagram,3.4,4.97,7.71,72.8
18,Male,WhatsApp,5.46,4.54,6.66,64.3
20,Male,Snapchat,2.23,4.53,7.21,78.4
18,Female,WhatsApp,2.66,4.5,6.68,76.3
21,Male,Snapchat,4.46,3.52,6.75,72.2
19,Male,Instagram,5.85,4.77,6.9,66.8
21,Male,Instagram,6.3,3.75,7.46,65.6
21,Male,YouTube,3.07,4.97,7.37,72.3
21,Female,Instagram,5.79,3.1,6.23,60.6
18,Male,YouTube,2.87,4.8,6.86,73.6
23,Female,Instagram,7.3,3.5,6.4,61.6
19,Female,YouTube,2.27,4.88,6.77,79.6
17,Male,YouTube,6.46,4.08,6.64,67.5
20,Male,Snapchat,3.08,5.88,7.7,77.7
20,Female,Instagram,7.62,2.66,6.26,59.1
21,Female,Snapchat,5.21,3.47,6.64,64.7
21,Female,YouTube,2.47,4.5,7.76,75.3
19,Female,Instagram,3.31,5.44,7.35,75.4
23,Male,YouTube,5.53,4.39,6.3,65.5
19,Male,YouTube,5.99,3.64,7.36,70.2
20,Female,Instagram,4.08,4.39,6.9,72.1
19,Male,YouTube,4.28,3.9,7.35,70.1
23,Female,Instagram,5.49,4.32,5.57,65.0
19,Female,YouTube,4.42,4.06,7.54,77.5
17,Female,YouTube,2.0,4.97,8.3,83.9
20,Male,YouTube,2.82,5.12,7.42,75.2
25,Male,Snapchat,4.6,4.1,7.16,68.5
22,Male,Instagram,6.27,3.49,6.7,62.2
21,Male,LinkedIn,6.95,3.37,5.97,60.2
22,Female,Snapchat,5.53,4.26,6.9,65.5
22,Male,LinkedIn,4.69,4.98,6.52,72.8
20,Male,Snapchat,5.47,4.18,6.39,71.0
19,Male,Instagram,3.07,5.13,7.85,73.7
21,Male,YouTube,3.94,4.32,7.54,68.8
21,Female,Instagram,2.8,4.47,7.1,73.0
20,Male,Snapchat,2.08,5.4,7.29,78.5
18,Other,YouTube,4.77,4.22,6.57,74.5
21,Male,Instagram,4.52,3.51,7.27,70.5
19,Female,Reddit,5.37,3.76,6.25,67.8
23,Male,Instagram,5.13,3.96,6.92,66.6
19,Male,YouTube,4.61,3.93,7.24,68.0
18,Female,WhatsApp,5.15,4.74,6.72,65.6
22,Female,Instagram,4.13,4.6,7.5,75.1
19,Female,YouTube,4.9,4.77,6.69,72.0
19,Male,Snapchat,2.97,4.89,7.27,79.9
20,Male,Instagram,4.83,4.15,6.41,67.3
22,Female,YouTube,5.34,3.46,7.16,65.0
19,Male,Instagram,3.06,4.73,7.0,75.3
19,Female,WhatsApp,4.29,4.31,7.16,73.5
21,Female,Instagram,3.14,4.02,7.29,67.9
24,Female,Reddit,3.3,4.37,6.8,74.8
20,Female,Snapchat,2.29,4.84,7.29,77.2
18,Female,Instagram,6.35,3.78,7.04,61.1
17,Male,Instagram,6.01,3.93,6.61,58.6
19,Male,YouTube,5.11,3.72,6.31,65.1
18,Female,WhatsApp,7.55,3.39,6.22,63.3
21,Male,YouTube,3.88,4.35,7.05,76.7
18,Male,Instagram,9.35,1.09,7.14,49.0
20,Male,Instagram,3.81,4.22,7.26,77.5
21,Female,LinkedIn,4.63,4.72,6.73,70.8
20,Female,YouTube,3.52,3.73,7.85,74.2
19,Female,Snapchat,4.83,4.16,6.02,66.0
21,Male,YouTube,5.62,4.63,6.67,66.9
21,Male,Reddit,4.01,4.02,7.98,69.6
21,Female,Instagram,7.22,3.27,6.13,52.9
18,Male,Instagram,4.61,3.54,6.13,69.4
18,Female,Reddit,4.66,4.98,6.72,70.0
23,Female,Reddit,2.65,4.83,8.11,75.3
20,Male,Instagram,4.91,4.1,6.99,64.9
19,Male,YouTube,3.97,5.09,6.71,73.1
20,Male,YouTube,3.17,5.02,7.01,80.9
21,Female,YouTube,2.88,4.35,7.14,80.2
23,Female,Instagram,8.74,2.42,5.91,47.3
19,Male,Snapchat,3.75,4.73,7.75,73.4
23,Female,Instagram,1.72,4.88,8.19,76.9
17,Male,WhatsApp,3.01,3.69,7.56,74.7
20,Male,Instagram,4.11,4.33,6.45,71.0
21,Female,Instagram,5.13,3.26,6.17,61.6
18,Male,WhatsApp,5.14,4.81,7.0,70.9
18,Male,Instagram,5.35,4.02,6.1,64.3
20,Female,WhatsApp,3.1,4.26,7.23,78.1
24,Male,Instagram,4.78,3.78,7.0,69.2
20,Female,Reddit,2.71,3.91,6.93,74.2
23,Male,WhatsApp,3.15,4.15,6.86,64.1
21,Male,Snapchat,2.64,5.38,7.42,78.6
20,Male,Instagram,2.18,6.15,7.82,89.6
21,Male,Instagram,6.01,4.06,7.0,70.0
17,Male,YouTube,5.37,3.87,6.97,61.1
18,Male,YouTube,5.86,3.53,6.59,62.7
21,Female,Instagram,4.27,3.83,6.67,64.7
21,Male,Instagram,5.52,4.9,6.17,74.0
19,Male,YouTube,1.21,5.28,7.63,82.5
20,Male,Instagram,5.67,4.87,6.8,67.2
20,Male,YouTube,4.5,4.92,7.09,72.7
22,Male,Instagram,5.27,3.09,5.78,54.1
20,Female,Instagram,4.85,3.77,6.49,63.3
20,Male,WhatsApp,2.52,4.58,8.04,77.1
20,Female,YouTube,1.65,5.18,7.77,83.2
20,Female,Instagram,2.99,4.72,6.73,68.6
21,Male,YouTube,5.16,5.49,7.82,73.4
22,Male,WhatsApp,5.37,3.38,6.68,67.3
20,Male,YouTube,1.87,5.26,7.85,76.2
19,Female,YouTube,2.53,5.22,7.67,79.5
19,Male,LinkedIn,2.97,4.76,7.2,75.6
21,Female,YouTube,3.59,4.6,6.87,78.1
21,Female,Reddit,1.88,4.62,8.63,78.7
18,Female,Snapchat,1.78,5.23,8.15,80.7
18,Female,Instagram,2.8,5.07,7.79,80.4
20,Other,YouTube,4.35,4.44,7.24,67.4
18,Male,WhatsApp,2.19,5.32,7.13,78.4
21,Male,LinkedIn,4.0,5.11,7.65,73.9
19,Male,YouTube,6.0,4.17,6.14,64.7
18,Female,Instagram,1.99,5.14,7.77,82.3
23,Female,YouTube,3.85,3.87,6.38,70.5
19,Female,Instagram,5.94,3.42,5.62,59.3
19,Male,WhatsApp,3.49,4.47,7.37,73.9
19,Female,YouTube,3.22,4.8,6.93,79.0
18,Female,WhatsApp,6.18,3.4,5.58,58.4
17,Female,Snapchat,3.68,4.04,7.41,71.9
18,Female,WhatsApp,6.08,3.08,7.45,62.3
19,Male,WhatsApp,4.93,3.25,7.45,65.7
18,Male,WhatsApp,3.62,4.42,7.07,67.6
20,Female,Snapchat,5.02,3.31,6.8,69.2
21,Male,Snapchat,4.74,3.64,7.27,65.2
20,Male,Instagram,5.94,3.53,7.04,67.3
19,Male,YouTube,3.27,3.99,7.13,69.8
20,Male,Instagram,4.27,4.5,7.02,69.5
22,Female,Snapchat,4.1,4.74,7.19,76.5
22,Female,WhatsApp,5.4,3.64,6.94,68.6
17,Male,YouTube,2.46,4.72,7.45,77.3
19,Male,Instagram,5.93,3.99,6.49,67.4
19,Male,Instagram,4.99,3.7,7.42,66.6
19,Female,WhatsApp,1.96,4.72,8.2,78.9
20,Female,Instagram,6.25,4.21,6.66,63.5
20,Female,Instagram,8.0,3.44,6.73,61.8
17,Male,Snapchat,5.9,4.03,6.37,63.1
20,Male,WhatsApp,6.63,3.94,7.08,68.8
20,Male,Instagram,4.35,3.29,7.23,66.0
18,Female,Instagram,1.38,6.0,9.29,86.8
22,Male,LinkedIn,1.06,5.62,7.37,85.2
18,Female,WhatsApp,4.63,4.68,6.59,70.7
23,Female,WhatsApp,3.19,4.88,7.49,74.9
18,Male,Instagram,2.65,4.9,7.64,77.2
22,Male,Instagram,4.09,4.23,7.93,74.8
22,Male,Instagram,5.25,4.15,6.43,65.0
24,Male,WhatsApp,1.73,5.04,8.12,80.1
21,Male,Instagram,3.44,5.03,7.76,76.3
21,Female,Instagram,6.77,2.64,6.62,61.0
21,Male,WhatsApp,2.37,4.7,7.1,75.9
21,Male,Reddit,5.68,4.83,7.24,75.5
18,Female,WhatsApp,3.38,4.31,7.81,73.3
20,Female,YouTube,5.13,3.89,7.03,66.5
20,Male,YouTube,6.07,3.24,6.59,61.6
22,Female,YouTube,5.46,4.06,6.77,62.8
20,Female,Instagram,5.75,3.42,6.56,60.3
20,Female,YouTube,2.24,4.92,7.86,77.0
21,Female,YouTube,6.09,4.09,6.51,68.6
19,Male,YouTube,2.75,4.49,7.05,74.5
18,Female,Snapchat,4.64,4.57,6.43,68.5
20,Male,LinkedIn,4.64,4.59,6.56,73.9
20,Female,Instagram,5.02,4.57,6.89,74.5
19,Female,YouTube,4.77,4.2,6.85,72.7
19,Male,Instagram,2.77,6.45,7.52,80.2
19,Male,YouTube,1.91,5.66,7.89,80.6
19,Female,Instagram,5.68,3.97,6.33,70.7
20,Female,Instagram,4.52,3.78,7.6,69.8
21,Male,WhatsApp,6.15,3.6,6.36,62.1
19,Female,YouTube,4.12,5.07,6.85,75.7
23,Female,Reddit,1.81,6.02,7.91,86.8
23,Female,Instagram,5.84,4.49,5.74,64.3
20,Male,Instagram,3.57,4.94,6.84,74.9
19,Male,YouTube,4.78,3.5,7.3,69.7
20,Female,Instagram,3.1,4.96,6.55,71.3
22,Male,Instagram,7.0,2.73,6.74,58.5
21,Female,LinkedIn,2.71,4.11,8.12,71.6
21,Male,Instagram,3.63,4.65,7.02,70.3
20,Female,Instagram,4.38,4.53,7.1,69.7
21,Male,YouTube,2.34,5.43,8.05,82.0
19,Male,YouTube,4.76,4.38,6.66,68.3
21,Female,YouTube,6.94,3.64,6.65,59.9
19,Female,YouTube,3.37,4.13,6.96,71.9
21,Female,Snapchat,4.87,4.04,6.62,64.3
22,Female,Instagram,0.5,4.87,7.7,83.1
18,Female,YouTube,4.13,3.35,7.2,71.0
20,Female,WhatsApp,3.67,4.89,7.69,74.9
18,Male,Snapchat,2.81,4.44,7.33,74.1
21,Female,YouTube,6.04,4.12,5.94,65.6
18,Female,YouTube,3.65,5.08,6.69,68.3
23,Male,Instagram,3.9,4.13,7.29,72.8
18,Male,Instagram,3.56,4.85,8.03,85.1
23,Female,Instagram,0.94,5.14,8.11,82.2
21,Male,WhatsApp,2.28,4.08,7.39,74.2
20,Female,Instagram,5.83,3.82,6.91,67.6
21,Other,WhatsApp,0.61,5.35,7.92,88.7
21,Female,Instagram,2.9,4.57,7.22,77.7
23,Male,Snapchat,3.52,5.56,6.78,70.1
19,Male,Snapchat,7.16,2.53,6.83,59.2
20,Male,Instagram,5.51,4.06,5.52,72.4
18,Male,Instagram,3.25,4.16,7.65,75.1
20,Female,Instagram,6.42,4.01,6.19,60.2
19,Female,Snapchat,2.94,4.92,7.19,76.9
20,Male,Instagram,5.92,3.92,7.31,62.3
20,Male,YouTube,1.89,4.67,7.35,81.2
20,Female,YouTube,6.02,3.31,6.21,59.0
20,Male,Snapchat,3.51,5.04,7.16,75.4
21,Female,YouTube,2.45,5.83,7.7,78.7
21,Male,YouTube,3.83,4.7,6.93,71.3
20,Female,LinkedIn,4.67,3.72,6.18,70.7
20,Male,Instagram,3.36,4.79,6.87,74.5
23,Female,Snapchat,5.14,5.21,7.34,71.1
18,Male,Instagram,3.21,4.73,7.34,71.5
18,Female,YouTube,5.25,4.69,6.93,64.3
18,Male,Snapchat,4.95,3.7,6.7,62.6
21,Male,WhatsApp,4.1,4.35,6.76,71.1
20,Female,WhatsApp,3.45,4.9,7.99,79.1
21,Male,Instagram,4.46,4.44,6.87,68.8
21,Male,YouTube,5.14,3.62,6.56,70.2
19,Male,YouTube,7.71,2.7,6.54,54.4
22,Male,YouTube,5.8,4.27,6.25,65.3
21,Male,YouTube,5.86,4.35,6.29,63.0
19,Female,Instagram,9.45,3.25,5.56,56.4
19,Male,Instagram,5.08,4.92,6.78,77.2
19,Female,Instagram,5.02,4.11,6.91,62.8
19,Female,YouTube,5.4,3.76,7.63,66.1
18,Male,Instagram,2.48,5.61,7.66,84.1
23,Female,Snapchat,3.45,4.95,6.17,69.1
20,Female,WhatsApp,3.34,4.14,7.41,74.3
20,Female,Instagram,5.3,3.43,6.73,68.3
21,Male,WhatsApp,3.9,4.68,7.13,73.2
20,Male,Snapchat,4.43,4.16,7.07,71.5
23,Male,Instagram,6.05,3.67,6.49,68.9
21,Female,Instagram,5.67,4.35,6.59,73.0
20,Other,Instagram,3.93,4.81,7.38,73.6
20,Female,Instagram,3.06,5.39,7.1,75.8
24,Male,WhatsApp,6.13,2.69,6.06,56.3
21,Female,LinkedIn,5.52,4.0,8.02,71.4
23,Male,Instagram,1.47,5.63,7.47,78.2
18,Female,WhatsApp,3.67,3.75,7.22,69.4
22,Male,Instagram,4.48,3.9,6.27,67.8
21,Female,YouTube,5.52,3.45,6.71,62.7
18,Female,WhatsApp,5.75,3.8,6.17,65.1
20,Male,YouTube,4.68,4.98,6.69,79.5
21,Male,Instagram,5.19,4.99,7.22,71.2
17,Female,YouTube,4.31,3.88,7.21,67.9
20,Male,LinkedIn,3.05,4.99,7.6,79.8
21,Female,Instagram,3.76,4.76,6.35,73.1
19,Female,Instagram,4.23,4.51,7.84,77.1
20,Female,Instagram,4.14,4.55,6.5,71.5
20,Male,YouTube,0.99,5.6,8.61,84.2
19,Male,YouTube,3.52,5.41,7.67,72.1
23,Male,Snapchat,4.3,4.85,7.26,68.2
21,Female,WhatsApp,3.72,3.97,6.77,64.6
18,Male,Snapchat,3.78,4.87,7.21,75.3
25,Male,Snapchat,5.03,4.49,6.58,64.9
22,Male,Instagram,2.37,5.13,7.55,82.4
19,Female,YouTube,1.43,5.86,7.69,83.7
22,Male,Instagram,3.61,4.63,6.27,71.3
18,Female,Instagram,5.5,3.98,7.17,64.5
25,Female,Reddit,7.07,3.39,6.18,61.8
21,Female,WhatsApp,5.53,2.86,6.43,59.1
21,Female,LinkedIn,1.7,5.16,7.47,77.0
18,Female,YouTube,3.8,4.13,7.3,75.0
22,Female,YouTube,4.64,3.58,6.5,67.3
17,Male,YouTube,4.5,4.94,5.92,70.1
19,Female,Instagram,5.12,4.26,6.95,70.5
18,Female,Instagram,2.64,4.86,7.69,77.3
21,Female,YouTube,4.31,4.01,6.9,70.4
19,Female,Instagram,4.91,4.23,6.31,65.4
23,Female,Reddit,5.6,4.33,6.67,73.6
21,Female,Instagram,2.83,4.4,6.75,71.8
17,Male,Instagram,3.61,4.53,6.73,77.1
17,Male,WhatsApp,0.5,6.06,7.72,85.8
18,Male,Instagram,3.14,3.73,7.7,74.3
20,Male,Reddit,3.31,4.61,7.11,76.2
21,Male,WhatsApp,2.47,4.72,7.31,79.9
19,Male,Instagram,4.48,4.16,7.82,68.4
22,Male,WhatsApp,4.1,4.11,7.21,73.8
18,Female,WhatsApp,0.5,5.69,8.21,91.3
21,Male,WhatsApp,4.57,5.16,6.76,72.1
23,Female,Snapchat,2.62,4.72,7.2,76.1
21,Female,WhatsApp,5.03,4.19,5.81,65.1
21,Male,YouTube,2.02,6.09,8.07,82.8
22,Male,Instagram,4.25,4.04,7.21,75.1
17,Male,WhatsApp,3.72,5.41,7.08,73.0
19,Female,Reddit,4.72,4.15,6.82,66.0
18,Male,YouTube,4.41,5.15,7.3,78.8
20,Female,WhatsApp,3.77,4.86,6.45,74.7
21,Female,YouTube,1.59,5.4,7.49,87.5
21,Female,WhatsApp,1.69,5.18,7.22,78.3
22,Male,LinkedIn,3.21,4.37,8.1,75.2
19,Male,Instagram,4.19,4.37,7.42,69.7
21,Male,Instagram,3.17,5.14,6.32,75.4
19,Male,YouTube,5.26,3.95,6.05,60.3
19,Male,YouTube,3.73,4.34,7.1,74.1
21,Female,YouTube,2.56,4.78,7.27,77.4
24,Female,Instagram,3.73,4.99,6.56,73.5
20,Female,YouTube,4.58,4.81,7.79,71.9
18,Female,YouTube,4.75,3.8,7.01,65.0
20,Male,YouTube,7.39,2.88,6.34,59.7
17,Female,WhatsApp,3.06,4.92,7.03,72.0
22,Female,WhatsApp,4.08,5.14,7.38,76.3
21,Female,WhatsApp,4.92,4.65,6.65,76.2
19,Female,Snapchat,4.16,3.72,6.91,72.9
18,Male,WhatsApp,3.35,4.5,7.54,69.6
19,Male,YouTube,1.57,4.79,7.03,76.5
24,Male,WhatsApp,3.33,4.5,7.99,76.1
20,Male,Instagram,2.37,5.77,7.62,80.9
21,Female,Instagram,1.26,4.65,8.42,76.3
21,Male,YouTube,2.85,3.99,6.92,73.4
20,Female,Snapchat,2.42,4.54,7.11,75.5
18,Female,WhatsApp,5.19,4.13,6.22,72.5
23,Male,Instagram,5.22,4.28,6.85,67.5
19,Male,YouTube,2.66,5.09,7.48,81.2
20,Female,Instagram,3.76,5.07,6.94,70.7
21,Female,WhatsApp,1.04,4.55,7.45,76.0
21,Male,Snapchat,3.36,5.22,6.69,77.6
23,Male,YouTube,4.88,3.94,6.81,70.9
18,Female,YouTube,5.6,4.2,6.42,63.6
20,Male,Instagram,2.99,4.09,7.05,72.6
20,Female,YouTube,5.99,3.71,7.22,60.9
20,Male,Snapchat,1.62,5.35,7.71,80.7
18,Male,WhatsApp,2.08,5.65,8.19,84.7
18,Female,YouTube,5.41,3.12,6.45,61.5
19,Female,YouTube,7.04,3.35,6.34,59.3
19,Female,Instagram,5.04,3.49,6.76,62.1
20,Male,Instagram,4.13,4.61,6.28,68.9
20,Other,Instagram,0.5,6.01,8.7,93.0
21,Male,YouTube,0.76,6.18,7.93,86.8
20,Male,Reddit,4.42,3.99,7.3,66.5
20,Male,YouTube,3.59,5.01,6.86,73.5
19,Male,Instagram,2.32,5.67,7.48,75.8
20,Female,Instagram,4.31,3.47,6.6,63.7
19,Male,Instagram,4.4,4.57,7.53,76.2
17,Female,Snapchat,5.81,4.25,6.71,66.3
20,Male,YouTube,4.43,4.12,7.12,75.4
20,Other,WhatsApp,6.29,2.99,7.05,61.2
19,Male,Snapchat,4.21,4.8,7.54,73.3
20,Female,Instagram,4.0,3.8,7.42,71.8
20,Male,WhatsApp,6.01,3.61,5.88,54.5
21,Male,Reddit,2.54,4.89,7.18,77.4
21,Female,YouTube,8.98,3.01,5.23,52.8
21,Female,Instagram,4.84,3.79,7.17,72.2
19,Female,Reddit,4.85,3.76,6.92,70.1
21,Male,Snapchat,5.09,4.07,6.15,63.2
20,Female,YouTube,7.39,3.72,6.05,64.0
20,Female,YouTube,5.55,5.0,5.97,68.1
20,Female,Instagram,1.47,4.53,7.76,75.8
19,Male,Snapchat,6.59,3.65,5.61,61.6
20,Female,YouTube,3.62,3.99,7.42,70.8
21,Female,Instagram,4.38,4.78,7.14,77.0
22,Female,WhatsApp,2.03,4.62,8.49,79.9
23,Male,Reddit,5.09,3.68,7.16,67.3
20,Male,Snapchat,3.09,4.42,7.14,76.4
20,Female,Instagram,4.37,4.23,7.34,73.9
21,Female,Instagram,3.72,4.66,6.53,74.7
19,Female,Reddit,7.47,3.43,5.67,62.7
22,Male,Reddit,7.57,3.15,6.23,59.9
20,Male,YouTube,4.28,3.64,6.03,67.0
18,Female,WhatsApp,4.31,4.66,6.98,75.5
18,Male,YouTube,3.57,4.53,6.74,72.2
22,Male,YouTube,6.08,4.25,6.54,66.0
18,Female,Instagram,3.64,4.17,6.7,76.1
19,Female,Instagram,3.48,3.78,7.42,75.8
19,Female,Instagram,5.86,3.73,6.57,64.3
19,Male,Snapchat,3.28,5.3,7.91,76.5
19,Male,Instagram,4.14,4.43,7.05,75.8
21,Female,Instagram,1.51,5.17,7.43,82.8
17,Male,YouTube,5.4,3.48,6.58,65.3
21,Male,Instagram,7.5,4.05,5.5,59.5
22,Male,Instagram,5.43,3.39,6.86,65.4
20,Female,YouTube,6.69,3.1,6.59,60.2
19,Female,YouTube,2.76,5.12,8.54,77.3
20,Female,WhatsApp,4.6,3.26,6.63,65.7
18,Female,Reddit,2.6,5.53,7.35,80.1
19,Male,Instagram,3.81,4.78,6.87,72.0
23,Male,Reddit,5.51,4.32,6.75,70.4
25,Male,Reddit,4.37,4.55,7.15,75.4
21,Male,Snapchat,1.8,5.09,7.67,82.8
19,Male,WhatsApp,1.96,4.58,8.14,77.5
21,Male,WhatsApp,1.85,5.08,7.4,81.5
21,Male,WhatsApp,5.04,3.55,7.23,66.7
20,Female,WhatsApp,7.71,3.35,6.28,54.9
21,Female,Instagram,6.52,3.92,6.37,65.4
17,Male,Reddit,0.98,6.2,7.78,86.4
19,Male,YouTube,6.62,3.67,7.44,71.7
20,Female,Snapchat,5.79,4.24,6.21,70.2
19,Female,YouTube,1.57,5.1,7.89,82.8
19,Female,Instagram,3.68,4.27,6.83,72.2
22,Male,YouTube,6.06,3.92,7.31,66.3
24,Female,YouTube,5.14,3.81,7.16,64.1
20,Male,YouTube,1.97,5.24,7.34,74.3
22,Male,Instagram,5.24,3.44,6.96,62.6
25,Male,Instagram,0.57,5.16,8.16,83.3
18,Male,YouTube,3.82,4.78,6.9,66.9
20,Male,YouTube,6.13,4.1,6.82,64.0
20,Male,LinkedIn,4.23,3.83,7.19,68.4
18,Female,Instagram,3.35,4.96,7.36,74.9
21,Male,Instagram,5.71,3.53,6.58,62.0
20,Male,Instagram,5.86,3.76,6.75,63.8
20,Male,YouTube,6.43,4.26,6.5,70.3
19,Male,YouTube,5.69,4.21,6.63,68.7
19,Male,WhatsApp,6.04,4.08,6.22,63.1
22,Male,Reddit,5.45,4.85,7.44,70.7
17,Male,Instagram,4.65,3.82,6.42,66.9
19,Female,WhatsApp,4.35,3.78,7.17,66.4
19,Female,Instagram,3.8,4.11,6.99,68.5
20,Female,Instagram,2.14,4.92,8.39,82.7
20,Female,YouTube,2.58,3.72,7.07,70.8
20,Female,Instagram,3.72,4.39,6.83,68.5
18,Other,WhatsApp,4.61,3.91,6.47,67.4
19,Female,WhatsApp,6.65,3.86,6.48,63.4
22,Female,WhatsApp,4.13,4.53,6.43,64.9
21,Female,YouTube,5.91,3.43,6.33,62.6
21,Female,WhatsApp,6.03,3.98,5.54,65.9
21,Male,YouTube,3.81,4.83,7.24,75.3
21,Male,Instagram,5.21,3.59,6.52,71.8
18,Male,Instagram,3.79,4.23,6.47,74.2
19,Male,WhatsApp,6.45,2.43,6.88,63.1
20,Female,LinkedIn,5.28,3.41,6.13,72.1
19,Male,Instagram,2.18,4.67,7.95,80.2
22,Female,YouTube,4.47,4.27,6.63,69.9
20,Female,WhatsApp,7.0,2.88,6.96,62.3
21,Female,Snapchat,3.89,4.18,7.45,70.0
22,Male,YouTube,4.96,3.45,6.36,65.2
20,Male,WhatsApp,5.13,4.09,6.35,65.0
22,Female,WhatsApp,2.44,5.16,7.79,80.1
20,Female,Snapchat,5.07,4.23,6.66,66.1
22,Other,Instagram,1.83,5.17,7.61,77.9
19,Female,Reddit,3.14,3.93,7.89,74.2
20,Female,Instagram,6.03,3.38,6.18,61.7
20,Male,Snapchat,4.81,3.91,6.9,62.0
18,Male,Instagram,3.68,4.31,7.6,68.4
20,Male,Instagram,4.96,4.1,7.18,65.2
23,Female,Instagram,4.1,5.08,6.98,71.2
21,Female,YouTube,4.22,4.73,6.89,73.4
19,Male,Instagram,5.32,3.45,5.93,64.1
19,Female,Instagram,2.96,5.1,6.89,79.4
19,Male,YouTube,4.27,4.63,7.15,74.3
17,Male,YouTube,3.67,4.11,7.11,74.5
23,Male,WhatsApp,1.5,5.7,7.81,84.8
20,Male,Snapchat,2.64,4.8,7.93,78.0
19,Female,WhatsApp,6.87,2.69,5.74,60.3
20,Male,Instagram,4.85,4.33,6.73,71.8
17,Female,Instagram,1.95,5.23,7.74,81.3
19,Female,Reddit,1.58,5.13,7.44,83.9
21,Male,Instagram,4.01,4.38,7.72,65.5
21,Male,YouTube,6.85,3.04,6.69,59.0
24,Female,Reddit,3.88,4.75,7.24,72.6
20,Male,Reddit,6.42,3.53,7.21,66.9
20,Female,YouTube,4.8,4.2,6.18,72.5
21,Male,WhatsApp,5.0,4.23,6.8,64.1
22,Female,YouTube,1.93,4.55,7.82,82.0
21,Female,WhatsApp,5.79,3.33,6.17,58.8
24,Male,Instagram,3.63,3.42,7.32,65.7
21,Male,Instagram,5.67,4.1,6.12,64.8
22,Female,WhatsApp,2.82,4.21,7.72,73.5
18,Male,Instagram,4.5,4.29,7.42,66.0
21,Male,WhatsApp,4.8,4.31,6.98,71.4
20,Male,YouTube,3.94,4.72,6.26,73.7
20,Male,Snapchat,4.89,3.49,6.4,68.4
21,Female,Snapchat,3.75,4.46,7.4,71.6
24,Female,YouTube,3.1,5.55,7.34,78.2
24,Male,WhatsApp,6.93,4.23,5.05,61.5
19,Female,Instagram,5.98,4.2,7.08,71.8
21,Male,YouTube,2.91,4.95,7.45,68.1
21,Male,Instagram,5.17,3.49,6.38,61.8
19,Female,Snapchat,2.94,5.13,7.83,77.9
18,Other,Snapchat,2.19,4.96,7.28,74.6
17,Male,Reddit,5.96,4.0,6.22,63.9
21,Male,Snapchat,1.3,5.03,8.0,80.8
20,Female,Reddit,5.78,3.69,7.38,63.7
24,Female,Instagram,3.77,4.56,7.87,74.2
20,Male,Reddit,3.84,4.58,7.29,74.9
24,Male,YouTube,4.9,4.33,7.04,68.7
20,Female,YouTube,5.19,3.69,7.1,65.2
21,Male,YouTube,2.8,4.15,6.85,72.4
18,Male,Instagram,5.42,4.72,6.97,69.7
20,Male,Instagram,4.39,5.51,6.64,69.1
21,Male,Instagram,2.06,5.3,7.77,81.6
23,Male,Instagram,3.91,3.77,7.0,68.0
21,Female,YouTube,6.55,3.12,6.59,64.4
17,Female,Snapchat,7.05,3.59,6.28,62.6
20,Female,WhatsApp,5.42,4.57,5.3,70.0
17,Other,YouTube,2.18,4.43,7.67,73.5
18,Male,YouTube,5.03,3.98,7.08,66.7
21,Male,YouTube,5.65,3.92,6.82,62.2
21,Female,Instagram,5.43,4.33,6.63,65.5
21,Male,Snapchat,5.53,3.69,7.39,70.0
22,Female,Instagram,4.82,3.33,6.99,70.2
21,Female,WhatsApp,4.08,4.68,7.26,69.4
21,Male,WhatsApp,3.17,5.25,7.78,76.4
17,Male,YouTube,0.97,5.42,8.09,83.3
19,Male,Snapchat,4.78,4.33,6.46,70.5
20,Male,Instagram,4.52,3.98,5.84,61.7
22,Male,Snapchat,5.15,3.58,6.54,60.4
17,Male,WhatsApp,1.93,5.64,8.0,83.7
20,Female,Snapchat,5.3,4.14,6.56,61.3
21,Female,WhatsApp,7.69,3.35,6.41,57.5
17,Female,Snapchat,4.33,5.03,7.05,73.8
20,Male,LinkedIn,4.1,3.84,7.63,71.4
22,Male,YouTube,4.73,3.87,6.74,67.1
21,Male,Snapchat,7.65,3.2,6.27,57.0
19,Male,WhatsApp,2.46,4.66,7.74,79.4
22,Female,YouTube,4.55,4.6,7.6,73.0
19,Male,Reddit,2.84,4.71,6.64,72.6
22,Male,YouTube,3.27,4.16,7.08,72.4
19,Female,YouTube,4.12,4.39,7.43,73.1
20,Male,Instagram,6.49,3.61,7.08,68.6
20,Male,Instagram,7.26,3.73,6.27,63.3
19,Male,Snapchat,4.96,4.26,6.68,72.1
22,Female,YouTube,3.56,4.78,7.54,72.9
19,Female,YouTube,8.44,3.01,6.23,54.1
18,Male,Instagram,3.47,4.49,7.07,72.4
19,Female,YouTube,3.23,4.31,7.44,73.1
21,Female,Snapchat,1.18,5.53,8.4,80.9
21,Female,Snapchat,6.57,3.33,7.21,66.2
25,Male,Instagram,5.85,4.6,6.9,70.9
19,Male,YouTube,8.31,3.56,5.89,56.6
20,Female,YouTube,1.84,5.47,7.66,83.1
18,Male,WhatsApp,6.68,3.65,6.58,63.0
20,Female,YouTube,4.32,4.24,6.94,72.3
25,Female,YouTube,5.57,3.22,6.73,59.3
21,Male,YouTube,1.4,5.2,7.33,80.1
20,Female,YouTube,6.7,3.51,6.91,62.1
20,Female,YouTube,5.54,3.98,6.14,67.2
23,Female,YouTube,4.13,4.59,6.85,69.8
20,Male,Snapchat,5.3,4.41,6.76,60.9
18,Female,WhatsApp,2.9,4.44,8.28,72.8
19,Female,Instagram,3.21,4.33,7.11,72.9
18,Female,Snapchat,3.41,5.33,6.94,76.4
19,Female,Snapchat,1.05,5.82,7.66,89.2
17,Female,Instagram,5.66,3.62,7.36,67.4
20,Male,YouTube,6.23,3.57,5.19,61.0
21,Male,Instagram,3.01,4.7,6.91,74.5
19,Male,WhatsApp,4.79,4.14,8.09,73.9
20,Female,Instagram,3.75,4.72,7.42,72.2
23,Female,WhatsApp,4.76,5.4,6.37,72.3
21,Female,Instagram,3.13,4.8,7.3,72.1
20,Male,YouTube,2.7,5.19,7.47,82.3
19,Female,Reddit,5.99,2.86,6.9,62.5
22,Female,YouTube,4.09,4.13,7.88,69.6
19,Male,Snapchat,7.64,3.74,6.24,59.8
19,Female,LinkedIn,4.28,4.5,6.76,72.5
22,Female,Snapchat,2.63,2.69,7.82,68.5
20,Female,Instagram,6.29,3.94,6.13,62.0
21,Male,Snapchat,5.27,4.91,6.26,67.7
20,Female,Instagram,5.44,2.9,5.89,62.0
21,Female,YouTube,6.22,4.38,5.75,63.7
19,Female,Snapchat,3.09,3.33,6.93,67.9
19,Female,WhatsApp,3.98,4.87,6.55,68.6
19,Other,YouTube,3.91,4.43,7.25,72.4
19,Male,YouTube,2.01,3.92,7.1,73.5
22,Female,Snapchat,3.75,4.71,5.73,70.2
19,Male,WhatsApp,6.47,4.11,5.92,64.1
20,Other,YouTube,4.6,4.37,6.7,71.9
21,Male,Snapchat,1.91,5.42,7.39,82.5
21,Male,Instagram,1.56,5.05,8.45,83.1
20,Female,Instagram,7.03,2.41,5.96,55.2
20,Male,WhatsApp,4.05,4.73,7.46,71.7
25,Female,LinkedIn,3.1,5.59,7.32,75.3
21,Male,Instagram,3.73,5.06,7.14,73.0
21,Female,Instagram,1.69,4.22,7.35,76.3
22,Female,Instagram,6.62,2.73,6.32,56.2
21,Male,Snapchat,3.53,4.14,6.87,71.6
19,Female,Instagram,6.52,2.72,6.45,56.1
20,Male,YouTube,4.29,4.32,6.89,65.5
18,Female,LinkedIn,6.63,3.68,5.92,64.0
21,Female,Instagram,4.64,3.46,7.35,65.8
23,Female,YouTube,5.65,4.21,6.81,64.5
20,Male,YouTube,5.42,4.2,6.48,63.7
20,Male,Snapchat,5.26,3.69,6.79,67.1
17,Female,YouTube,4.79,4.04,6.82,72.3
23,Female,YouTube,3.8,3.49,6.74,66.9
18,Female,Instagram,7.46,3.02,6.14,57.0
17,Male,WhatsApp,2.66,4.87,7.18,79.6
19,Male,Snapchat,4.21,4.41,6.6,65.1
18,Female,Instagram,4.23,4.51,6.29,76.2
20,Male,YouTube,4.88,4.21,6.67,75.8
20,Male,Snapchat,3.47,4.45,7.48,65.5
19,Female,Instagram,4.74,4.29,6.56,68.5
18,Male,Instagram,3.91,4.93,8.24,73.5
18,Female,YouTube,1.51,5.22,8.18,81.0
20,Male,Instagram,4.22,4.48,7.61,71.1
18,Female,Instagram,2.33,4.89,7.91,80.8
21,Female,YouTube,1.25,5.04,8.68,82.1
19,Female,Instagram,4.43,4.51,6.6,67.7
19,Male,YouTube,5.03,3.76,5.64,64.2
20,Female,WhatsApp,5.1,4.21,6.57,69.4
20,Female,YouTube,5.16,4.01,7.01,64.0
17,Male,Instagram,0.91,5.33,8.01,78.2
18,Male,Snapchat,1.89,4.98,7.8,85.4
22,Male,Instagram,7.55,2.9,6.68,55.9
17,Female,WhatsApp,2.42,4.13,7.69,74.5
20,Female,YouTube,5.24,4.16,7.09,67.0
20,Female,Snapchat,3.03,4.85,6.93,76.8
19,Female,Instagram,4.34,4.71,6.49,76.5
20,Female,Instagram,3.12,4.44,8.05,76.9
21,Male,YouTube,5.15,4.94,6.8,66.3
22,Male,Instagram,4.43,4.06,6.68,64.6
19,Female,Instagram,3.44,4.16,6.96,70.5
19,Male,WhatsApp,2.41,4.46,7.23,74.6
19,Female,Snapchat,4.66,3.3,6.58,60.1
20,Female,Instagram,2.14,5.82,7.02,83.3
21,Male,Snapchat,4.93,4.76,6.15,66.3
19,Female,Snapchat,8.67,3.07,5.69,59.0
19,Male,Snapchat,6.5,3.08,6.11,65.3
23,Female,WhatsApp,5.42,4.81,7.18,69.6
17,Female,WhatsApp,4.05,4.21,7.2,72.3
20,Female,YouTube,0.9,5.35,8.07,79.6
21,Male,WhatsApp,1.95,5.84,7.32,83.7
19,Male,Reddit,6.38,3.9,6.36,62.1
17,Male,Instagram,2.86,5.9,7.56,77.3
18,Male,Instagram,3.01,4.87,7.68,75.6
23,Male,Instagram,3.92,4.23,7.06,69.7
17,Male,Reddit,2.39,4.66,8.02,76.5
19,Other,YouTube,2.11,4.14,7.61,78.3
17,Male,WhatsApp,4.11,4.22,7.4,68.9
18,Male,Snapchat,2.68,5.43,7.23,83.8
20,Female,LinkedIn,2.94,5.07,6.56,71.6
19,Female,Instagram,2.87,4.8,7.52,81.1
20,Female,Snapchat,5.09,3.52,7.1,63.0
20,Female,Snapchat,3.81,4.58,7.39,73.2
22,Female,Instagram,3.9,4.94,7.3,72.8
17,Female,WhatsApp,5.21,4.19,6.58,66.5
22,Female,YouTube,3.96,4.5,6.73,73.9
20,Female,WhatsApp,3.73,4.1,7.4,76.1
19,Male,YouTube,5.0,4.48,6.99,73.3
21,Male,Instagram,5.34,2.37,6.45,58.9
22,Male,Instagram,3.95,4.61,7.59,73.9
19,Male,Instagram,4.34,5.57,6.59,72.2
23,Female,Instagram,2.87,4.04,7.13,69.8
20,Male,WhatsApp,2.74,4.72,8.17,73.8
20,Male,YouTube,5.51,3.87,7.05,65.1
24,Male,Instagram,4.96,3.83,6.65,67.6
19,Female,WhatsApp,4.97,4.58,6.94,64.3
21,Male,WhatsApp,4.68,4.4,6.96,69.9
19,Female,YouTube,4.28,4.38,5.77,73.4
21,Female,Reddit,5.38,4.31,6.28,70.5
20,Male,YouTube,5.79,3.78,6.56,62.9
19,Female,Snapchat,5.75,5.38,6.43,66.5
20,Male,Instagram,4.03,4.47,7.18,73.4
19,Male,WhatsApp,6.56,3.6,6.87,56.0
18,Female,LinkedIn,4.59,3.34,6.77,69.2
17,Female,Snapchat,5.28,3.68,6.25,64.3
19,Male,YouTube,4.68,4.74,7.04,76.9
17,Female,WhatsApp,4.62,3.52,6.76,61.3
19,Male,YouTube,2.95,3.69,7.3,74.3
21,Female,WhatsApp,5.39,3.93,6.56,65.8
21,Female,WhatsApp,9.04,3.32,6.68,55.3
21,Female,LinkedIn,3.56,4.57,6.19,67.7
19,Female,YouTube,4.32,4.12,6.82,71.3
22,Male,Instagram,3.44,3.67,7.23,72.3
20,Female,YouTube,3.37,4.85,6.9,79.7
18,Female,Instagram,6.83,3.74,6.69,65.6
18,Female,Instagram,3.06,3.84,7.71,70.7
21,Male,Instagram,3.39,5.18,7.23,73.1
19,Male,WhatsApp,1.5,5.66,7.66,78.5
20,Male,Instagram,2.91,5.35,7.33,82.4
25,Male,Instagram,1.3,5.64,7.79,80.8
17,Male,Instagram,5.27,4.28,6.69,72.3
17,Male,Snapchat,8.96,2.92,5.61,54.8
25,Female,WhatsApp,3.58,4.98,7.31,76.1
20,Male,Instagram,1.37,4.41,8.16,78.0
18,Female,Instagram,5.73,3.04,6.04,63.2
22,Female,YouTube,2.96,4.39,6.9,73.5
22,Female,Instagram,6.41,3.49,5.62,59.7
20,Male,YouTube,3.72,4.69,7.55,76.2
20,Female,YouTube,3.13,4.87,7.44,75.4
19,Female,Reddit,3.9,4.99,7.34,72.1
18,Female,Instagram,5.49,4.45,6.02,68.8
20,Female,WhatsApp,3.81,4.03,7.94,71.8
19,Female,Instagram,3.36,4.74,6.99,75.6
21,Female,Reddit,3.86,4.02,7.19,69.3
22,Female,LinkedIn,2.04,4.99,8.01,75.9
17,Male,WhatsApp,4.87,4.25,6.39,73.4
20,Female,YouTube,1.16,3.69,7.63,80.4
19,Male,Instagram,3.44,5.8,7.32,81.2
22,Female,Snapchat,5.49,4.16,7.95,67.8
19,Female,WhatsApp,4.72,3.85,7.02,67.1
20,Male,Instagram,5.2,4.94,7.47,75.9
20,Female,YouTube,4.09,4.19,7.6,70.4
20,Male,YouTube,6.19,3.7,6.63,61.8
21,Male,Snapchat,5.77,3.54,6.14,68.8
21,Male,WhatsApp,4.96,4.89,7.29,71.7
20,Male,WhatsApp,5.78,3.73,5.91,68.8
21,Male,WhatsApp,5.48,3.96,7.39,63.2
24,Male,Instagram,3.45,5.19,7.32,77.8
20,Female,YouTube,1.92,5.42,6.47,85.1
20,Female,Instagram,4.91,4.05,6.67,67.8
17,Male,Snapchat,5.13,4.56,7.06,69.1
21,Female,YouTube,6.05,4.95,6.4,64.8
20,Male,YouTube,2.61,5.05,7.79,81.4
20,Female,Instagram,2.66,4.93,7.07,74.1
18,Male,Instagram,4.98,4.14,6.22,66.9
22,Female,YouTube,4.08,5.03,7.03,70.1
20,Male,Instagram,0.99,5.15,7.94,86.9
21,Female,Instagram,4.84,3.97,6.69,71.1
18,Male,WhatsApp,1.05,4.66,8.46,81.0
24,Female,YouTube,2.59,4.3,7.09,70.8
19,Male,YouTube,6.5,3.27,6.52,65.8
19,Female,YouTube,7.3,3.22,6.19,57.7
22,Female,Snapchat,2.13,5.94,6.9,77.8
23,Female,Instagram,3.64,4.79,6.59,67.8
19,Female,WhatsApp,4.27,3.85,7.01,66.9
20,Other,Reddit,7.23,2.91,7.07,54.8
21,Male,WhatsApp,3.36,5.31,7.52,75.3
22,Male,YouTube,3.39,5.18,6.47,77.1
20,Male,WhatsApp,6.83,3.42,4.89,57.4
20,Male,YouTube,3.56,4.33,7.53,74.1
21,Female,YouTube,5.43,4.46,6.64,66.0
21,Other,YouTube,1.69,4.71,8.24,79.7
21,Other,Instagram,3.91,4.63,6.71,77.9
20,Female,Instagram,1.38,6.45,7.97,85.3
18,Female,YouTube,2.41,5.06,7.91,80.0
22,Female,Instagram,5.63,3.44,6.42,58.8
22,Female,YouTube,4.12,4.56,6.86,76.2
21,Male,YouTube,3.66,4.28,7.19,70.7
18,Female,Reddit,2.93,4.08,7.62,76.7
19,Female,Instagram,3.82,4.81,7.12,73.3
21,Male,WhatsApp,4.71,4.71,7.32,73.5
17,Male,YouTube,5.87,3.59,6.35,65.5
24,Other,Instagram,0.5,5.44,7.46,82.2
20,Other,Instagram,2.79,4.34,8.31,79.2
21,Female,Instagram,4.47,4.16,6.68,66.8
22,Female,Instagram,4.03,4.11,6.82,72.4
20,Male,Instagram,4.89,3.58,6.8,65.1
19,Male,YouTube,4.65,5.12,6.93,73.8
20,Female,YouTube,3.68,4.74,7.0,72.1
20,Female,Instagram,3.3,4.93,7.27,75.6
20,Female,Instagram,3.78,4.92,7.12,70.9
20,Female,Instagram,6.15,4.03,6.56,65.6
23,Male,YouTube,2.96,4.56,6.31,73.3
20,Female,Instagram,4.09,4.5,7.9,71.5
19,Male,YouTube,4.51,4.09,6.87,68.9
20,Male,Instagram,6.85,3.62,6.54,62.2
20,Male,Instagram,3.69,4.68,6.55,70.7
18,Male,Reddit,5.83,3.57,6.36,63.1
19,Female,Instagram,6.29,2.93,6.14,56.7
21,Male,Instagram,4.09,4.44,7.72,79.7
19,Male,Instagram,3.84,4.35,6.86,74.6
23,Female,LinkedIn,3.64,3.58,7.52,70.8
19,Female,WhatsApp,3.77,4.74,6.85,76.6
18,Male,WhatsApp,5.65,4.3,6.41,60.8
21,Male,LinkedIn,4.59,5.46,6.8,66.3
22,Male,Instagram,4.6,3.99,7.49,68.3
19,Female,LinkedIn,2.29,4.73,6.71,71.8
19,Male,Instagram,2.56,4.35,6.89,73.5
19,Male,WhatsApp,7.84,3.16,5.13,56.4
20,Male,YouTube,3.9,4.54,6.62,74.4
20,Female,YouTube,2.88,4.39,7.03,70.4
19,Male,Reddit,6.63,3.39,5.62,61.1
17,Female,Instagram,4.68,3.17,6.56,64.8
20,Male,LinkedIn,5.18,4.45,5.84,68.4
23,Female,YouTube,3.97,4.03,6.63,68.0
21,Male,WhatsApp,3.66,4.5,7.72,77.9
20,Male,LinkedIn,3.91,3.72,7.29,69.3
18,Male,Instagram,1.85,4.86,7.77,84.3
19,Female,Reddit,4.05,4.24,6.61,67.8
19,Female,YouTube,4.7,4.15,6.19,70.0
21,Male,WhatsApp,7.35,3.47,5.63,58.6
22,Male,Instagram,4.35,5.0,6.96,72.0
22,Female,YouTube,0.5,5.99,8.45,89.1
24,Female,WhatsApp,4.04,4.87,7.47,73.1
24,Male,YouTube,8.86,3.42,6.0,48.0
23,Male,Instagram,5.67,4.1,6.28,56.5
18,Female,Instagram,2.82,4.79,7.42,80.0
18,Female,Snapchat,5.2,4.48,6.6,72.4
19,Female,Instagram,2.94,5.31,7.29,83.3
20,Female,WhatsApp,1.9,5.46,8.59,82.4
18,Female,LinkedIn,3.61,3.81,6.4,65.3
22,Male,Instagram,4.36,3.85,6.87,67.2
20,Male,Instagram,1.02,5.31,8.46,83.6
20,Male,WhatsApp,2.25,5.4,6.91,75.9
19,Male,Instagram,4.22,4.31,6.73,75.2
19,Male,YouTube,3.51,5.14,6.98,82.1
19,Male,WhatsApp,4.87,4.75,6.74,72.0
22,Female,YouTube,2.14,5.65,6.88,80.0
20,Male,YouTube,5.41,4.51,6.95,65.0
21,Male,WhatsApp,2.19,4.52,7.89,81.8
19,Female,YouTube,6.99,3.59,6.47,61.6
20,Female,Instagram,1.28,5.05,7.45,79.5
20,Female,YouTube,2.34,4.16,7.58,76.4
21,Female,Snapchat,4.91,3.94,6.42,65.2
21,Female,WhatsApp,7.03,4.0,6.08,62.6
19,Male,YouTube,4.74,4.37,7.84,66.9
23,Male,Instagram,5.16,5.0,6.8,74.3
18,Female,Instagram,4.23,4.41,6.48,69.9
22,Male,Instagram,2.46,6.16,7.59,85.9
18,Male,Instagram,3.37,4.71,6.65,72.9
19,Male,LinkedIn,2.14,5.06,7.06,77.6
22,Male,Instagram,2.03,4.45,7.16,72.5
19,Male,Snapchat,4.88,4.65,6.63,72.3
20,Male,Instagram,2.29,4.75,7.98,75.4
20,Female,Instagram,4.74,3.82,7.13,66.5
19,Female,YouTube,1.99,5.75,7.88,82.3
21,Male,Instagram,4.7,4.73,6.39,70.7
22,Female,Snapchat,3.37,5.19,7.01,70.7
22,Male,Reddit,6.59,3.31,6.48,60.4
19,Female,Snapchat,4.75,4.11,6.59,70.6
20,Female,Instagram,6.3,3.56,6.31,61.3
19,Male,WhatsApp,2.92,5.17,7.58,77.0
19,Female,Instagram,4.3,5.07,6.84,73.7
19,Female,Reddit,2.53,5.1,7.59,77.8
23,Female,YouTube,3.5,5.56,7.94,75.4
22,Female,Instagram,3.75,4.93,7.07,74.1
21,Female,Instagram,2.97,4.64,7.9,79.0
20,Male,Instagram,2.13,5.47,7.85,77.7
20,Female,Instagram,1.8,6.02,7.04,81.3
20,Female,Reddit,0.5,6.62,7.56,84.1
20,Female,Snapchat,2.4,5.55,7.15,82.3
20,Male,LinkedIn,5.27,3.97,6.34,65.9
18,Female,Instagram,1.48,5.17,7.74,78.4
18,Male,YouTube,1.87,5.43,7.95,81.7
23,Female,Instagram,7.24,4.1,6.74,59.5
20,Male,YouTube,3.12,4.93,7.47,73.0
23,Female,Instagram,4.75,4.37,6.67,64.9
19,Female,Instagram,5.29,3.97,5.78,62.0
20,Male,YouTube,5.33,3.77,6.74,70.0
19,Female,Instagram,1.61,5.15,7.76,78.4
19,Male,YouTube,3.81,4.54,7.22,74.2
17,Female,WhatsApp,1.45,6.15,8.74,83.8
18,Female,Instagram,8.36,2.75,6.42,57.5
23,Male,Reddit,1.49,5.31,8.14,79.0
19,Male,YouTube,2.42,4.52,7.09,75.6
20,Male,Snapchat,2.43,5.31,7.29,78.9
20,Male,WhatsApp,1.66,5.9,7.69,90.3
20,Female,WhatsApp,6.5,4.34,6.03,66.4
20,Female,WhatsApp,8.32,2.99,6.1,53.9
19,Male,Snapchat,3.39,4.9,7.41,77.4
24,Female,WhatsApp,1.96,5.04,7.16,84.9
21,Male,Instagram,0.5,5.89,8.6,82.2
21,Female,Instagram,3.79,4.63,7.19,70.6
20,Male,WhatsApp,3.66,4.55,6.4,71.1
19,Female,Instagram,3.09,4.79,7.31,74.1
23,Female,Instagram,4.58,4.42,7.05,69.5
19,Male,Instagram,4.87,3.95,7.27,64.5
18,Female,YouTube,4.75,4.02,6.72,72.3
19,Other,Instagram,3.66,5.37,7.55,72.5
21,Male,WhatsApp,2.33,6.34,7.63,82.8
20,Male,Snapchat,5.33,3.33,6.12,66.4
21,Female,Snapchat,4.22,3.69,6.38,67.3
21,Male,Instagram,5.71,3.32,7.11,61.1
19,Male,YouTube,5.54,3.81,7.19,62.3
23,Male,YouTube,1.78,5.62,7.85,81.5
20,Female,YouTube,1.76,5.48,8.38,80.3
21,Male,WhatsApp,2.92,4.87,7.86,77.6
17,Male,Instagram,2.4,5.22,7.83,75.1
25,Female,LinkedIn,5.48,3.53,6.25,66.4
19,Female,Instagram,4.8,4.0,7.64,69.7
